apartment_id,maintenance_type,maintenance_cost,maintenance_duration,predictive_indicator,resident_feedback_score,resource_allocated,billing_cycle,cost_per_hour
49,General,203.84,2.91,0.7171205684721935,4,Technician B,Yearly,70.04810996563573
1,Electrical,269.18,4.72,0.1660525214815363,2,Technician B,Quarterly,57.02966101694916
67,Electrical,138.86,3.26,0.3311464891641498,4,Technician A,Monthly,42.59509202453989
65,Plumbing,342.59,3.64,0.1112087473382187,4,Technician A,Monthly,94.11813186813184
92,General,246.58,7.47,0.6625679177387851,3,Technician A,Quarterly,33.009370816599734
82,General,392.13,8.3,0.3256848020639532,5,Technician B,Monthly,47.24457831325301
15,Electrical,379.22,4.55,0.8364984906180335,3,Technician A,Quarterly,83.34505494505495
61,Plumbing,390.54,7.36,0.682652605044199,5,Technician B,Quarterly,53.0625
63,Electrical,421.73,5.5,0.0480923104120354,1,Technician C,Quarterly,76.67818181818183
85,HVAC,166.68,8.55,0.5789776465541452,1,Technician B,Monthly,19.49473684210526
47,Plumbing,356.22,3.53,0.2539377719236961,2,Technician B,Monthly,100.91218130311616
65,Electrical,360.26,5.65,0.0467858449717685,1,Technician C,Quarterly,63.76283185840708
42,General,253.06,1.95,0.9865631141144104,2,Technician C,Yearly,129.774358974359
1,Electrical,428.87,9.73,0.6048394293625812,1,Technician C,Quarterly,44.07708119218911
18,HVAC,133.34,2.46,0.8548057787992615,1,Technician A,Quarterly,54.203252032520325
48,HVAC,52.59,2.34,0.0235324944140987,1,Technician C,Monthly,22.474358974358974
40,Electrical,182.95,5.49,0.520449404165286,3,Technician A,Quarterly,33.32422586520947
86,General,125.43,1.65,0.697716307553293,2,Technician A,Quarterly,76.01818181818183
4,HVAC,295.44,9.56,0.3281600723536078,3,Technician C,Yearly,30.903765690376567
92,Plumbing,399.4,8.8,0.1695040918660586,2,Technician C,Quarterly,45.38636363636363
33,HVAC,354.43,6.64,0.1411075940213511,5,Technician C,Monthly,53.37801204819277
49,Plumbing,54.2,5.56,0.5218843281579432,4,Technician A,Yearly,9.748201438848922
18,HVAC,124.68,1.73,0.1674597445179885,1,Technician C,Yearly,72.06936416184972
39,Plumbing,61.06,2.0,0.632238150867861,2,Technician B,Quarterly,30.53
66,Electrical,294.59,4.58,0.0824059718619482,2,Technician A,Monthly,64.32096069868994
15,General,328.38,1.91,0.9916960733724518,3,Technician C,Monthly,171.92670157068062
91,Electrical,61.62,7.1,0.0001865281706631,4,Technician C,Quarterly,8.67887323943662
98,Plumbing,61.54,6.16,0.9638231608784736,3,Technician A,Yearly,9.99025974025974
75,Plumbing,258.03,6.43,0.9118186286860916,2,Technician B,Yearly,40.129082426127525
69,Plumbing,322.81,5.44,0.0611046676196322,4,Technician B,Yearly,59.34007352941176
38,Electrical,328.77,6.2,0.791463540889519,5,Technician A,Yearly,53.02741935483871
68,HVAC,256.67,9.06,0.0460630636819774,2,Technician B,Quarterly,28.330022075055187
23,General,407.95,2.5,0.7965085197237084,2,Technician B,Yearly,163.18
26,Electrical,498.51,3.05,0.1483603372895168,4,Technician C,Quarterly,163.44590163934427
92,Plumbing,471.75,9.44,0.2950723492643093,4,Technician B,Yearly,49.97351694915255
59,Plumbing,469.41,3.74,0.3567687116232726,1,Technician A,Monthly,125.51069518716578
19,Plumbing,166.16,4.88,0.2349942775346916,5,Technician B,Yearly,34.049180327868854
28,General,118.45,8.9,0.6296283449385927,3,Technician C,Monthly,13.308988764044944
1,General,384.22,9.48,0.559405425727357,4,Technician C,Yearly,40.5295358649789
8,Electrical,214.91,9.83,0.2789380760734767,2,Technician B,Monthly,21.862665310274668
72,General,388.72,3.16,0.5410028989276625,1,Technician A,Yearly,123.0126582278481
51,General,455.32,9.12,0.6193434541369114,1,Technician B,Yearly,49.92543859649123
76,Plumbing,143.83,2.23,0.9415768527339338,2,Technician C,Quarterly,64.49775784753363
59,Plumbing,149.28,7.27,0.642086507352399,3,Technician A,Yearly,20.533700137551584
24,Electrical,147.05,5.4,0.5455821217920664,4,Technician B,Monthly,27.23148148148148
71,General,408.9,6.42,0.9128924447365754,1,Technician B,Quarterly,63.691588785046726
15,Electrical,317.51,5.53,0.2882515771673685,5,Technician B,Yearly,57.41591320072333
93,General,234.2,3.7,0.8634657303414633,3,Technician B,Monthly,63.29729729729729
62,HVAC,438.96,9.03,0.4235479159918963,5,Technician A,Quarterly,48.611295681063126
16,General,140.83,5.87,0.7339053770018694,4,Technician C,Yearly,23.99148211243612
34,Electrical,343.25,7.01,0.561255678074924,3,Technician C,Quarterly,48.965763195435095
13,General,191.46,5.84,0.6735465781313908,2,Technician B,Monthly,32.784246575342465
65,Plumbing,200.41,6.41,0.3186896039905236,3,Technician C,Monthly,31.265210608424336
6,Plumbing,80.45,4.8,0.2674152784721076,2,Technician C,Monthly,16.760416666666668
86,HVAC,478.13,4.14,0.863009046067227,1,Technician C,Quarterly,115.4903381642512
61,Electrical,350.42,8.83,0.9851745550906748,2,Technician B,Monthly,39.685164212910536
85,General,445.09,4.56,0.8332043565966744,2,Technician B,Monthly,97.60745614035088
32,General,124.12,3.26,0.4454095211057868,3,Technician C,Monthly,38.07361963190184
5,HVAC,445.81,6.38,0.2894408949682082,5,Technician B,Quarterly,69.87617554858934
21,General,446.39,4.13,0.9389964220859776,1,Technician B,Yearly,108.08474576271186
57,Plumbing,392.5,1.64,0.2726506473124847,5,Technician A,Yearly,239.3292682926829
55,Electrical,347.83,3.43,0.6946537728101754,1,Technician A,Monthly,101.40816326530611
82,HVAC,327.49,2.03,0.6887625408113653,4,Technician C,Monthly,161.32512315270938
20,Plumbing,253.49,1.28,0.0875912974059464,4,Technician A,Monthly,198.0390625
69,HVAC,394.2,9.04,0.0013462709565636,3,Technician C,Yearly,43.60619469026549
30,Electrical,483.53,3.57,0.0544660473668375,2,Technician C,Monthly,135.44257703081232
86,Electrical,89.87,8.45,0.2536127708597082,4,Technician B,Quarterly,10.635502958579885
60,HVAC,372.27,3.65,0.842015661506744,4,Technician C,Quarterly,101.9917808219178
16,General,336.74,8.14,0.466116292658489,5,Technician C,Monthly,41.368550368550366
97,Electrical,172.68,1.13,0.4827134730769344,4,Technician B,Yearly,152.8141592920354
89,General,284.43,8.04,0.6519008655624606,3,Technician B,Yearly,35.376865671641795
8,HVAC,362.74,1.94,0.0167563044923824,1,Technician A,Yearly,186.979381443299
23,Electrical,124.6,3.42,0.9262052018843452,3,Technician B,Yearly,36.432748538011694
11,General,66.5,4.69,0.3641127750104994,3,Technician C,Yearly,14.17910447761194
94,General,187.11,3.59,0.9306424763519598,4,Technician B,Quarterly,52.119777158774376
75,Electrical,107.99,6.59,0.2399893638699575,2,Technician A,Quarterly,16.386949924127464
3,HVAC,494.44,6.34,0.3243458076950557,1,Technician A,Quarterly,77.98738170347004
12,Electrical,410.69,3.61,0.0104936411399444,1,Technician A,Monthly,113.7645429362881
44,General,64.01,8.67,0.7481608263876856,5,Technician C,Quarterly,7.382929642445214
66,Electrical,412.25,2.51,0.1827511659874359,1,Technician C,Quarterly,164.24302788844622
36,Plumbing,236.36,1.68,0.3150103723767316,2,Technician A,Yearly,140.6904761904762
89,Electrical,245.31,9.4,0.1253753492338732,2,Technician A,Quarterly,26.096808510638297
68,Electrical,83.07,2.5,0.926916346331108,2,Technician A,Monthly,33.227999999999994
1,General,352.67,7.86,0.1712949578216703,1,Technician B,Monthly,44.86895674300254
88,Plumbing,334.2,5.37,0.3044925327489508,5,Technician B,Quarterly,62.23463687150838
44,HVAC,376.69,4.18,0.6277454148973364,3,Technician C,Monthly,90.11722488038278
48,HVAC,373.16,8.95,0.1433953700108925,3,Technician B,Quarterly,41.69385474860336
42,HVAC,195.52,1.49,0.4800473773100856,1,Technician A,Yearly,131.2214765100671
87,Plumbing,316.83,8.19,0.0523912955948612,5,Technician C,Quarterly,38.684981684981686
81,General,121.08,9.23,0.7056353963689815,1,Technician B,Quarterly,13.118093174431202
94,Electrical,409.06,1.07,0.9324889235898018,5,Technician A,Monthly,382.2990654205608
63,HVAC,197.69,4.32,0.3616470948410445,3,Technician C,Monthly,45.76157407407407
26,HVAC,212.06,1.47,0.5985951074046708,2,Technician C,Monthly,144.25850340136054
99,HVAC,497.36,4.24,0.5923013710620957,2,Technician A,Yearly,117.30188679245283
35,General,138.1,6.64,0.9430618974069715,3,Technician A,Quarterly,20.798192771084334
16,Electrical,259.34,8.1,0.6666170848793723,1,Technician B,Quarterly,32.01728395061728
34,Electrical,345.55,1.14,0.0881521581366444,5,Technician A,Yearly,303.11403508771934
76,HVAC,154.38,2.11,0.894265118256414,2,Technician C,Quarterly,73.16587677725119
87,Plumbing,63.16,7.74,0.1984910746053491,2,Technician C,Monthly,8.160206718346252
42,HVAC,410.78,6.55,0.9072489443564058,5,Technician B,Yearly,62.71450381679389
2,HVAC,115.87,5.18,0.8726550721760554,5,Technician A,Yearly,22.36872586872587
58,Plumbing,107.78,5.97,0.8236064207981895,2,Technician A,Monthly,18.053601340033502
9,General,467.23,7.42,0.232541331620855,5,Technician A,Yearly,62.96900269541779
45,General,147.53,3.03,0.1262711371077318,4,Technician B,Quarterly,48.689768976897696
6,Electrical,310.99,6.32,0.4405391598729947,2,Technician A,Yearly,49.20727848101266
61,Plumbing,289.86,7.74,0.4687898805067909,3,Technician B,Monthly,37.44961240310077
7,Electrical,228.28,5.35,0.1291744452431104,4,Technician A,Quarterly,42.66915887850468
74,Plumbing,416.29,3.22,0.1720860324526264,2,Technician A,Monthly,129.2826086956522
46,General,97.46,4.67,0.2177125129781515,3,Technician B,Monthly,20.86937901498929
46,Electrical,157.63,1.21,0.3636453589194496,5,Technician A,Quarterly,130.27272727272728
99,General,58.64,6.2,0.3230997016663373,2,Technician B,Monthly,9.458064516129031
95,General,338.44,1.13,0.5797311661341921,5,Technician B,Yearly,299.50442477876106
58,Plumbing,241.74,9.62,0.6144000074313238,4,Technician C,Yearly,25.128898128898133
77,Electrical,377.82,2.58,0.4904085191855132,2,Technician B,Quarterly,146.44186046511626
52,Plumbing,136.34,6.67,0.3898997462910806,5,Technician B,Monthly,20.4407796101949
60,Electrical,283.58,5.6,0.9767943728275862,4,Technician A,Monthly,50.63928571428571
96,Plumbing,123.59,8.4,0.1596249014321672,2,Technician C,Monthly,14.71309523809524
30,Plumbing,221.09,2.8,0.151775409851102,3,Technician B,Yearly,78.96071428571429
99,HVAC,360.0,3.98,0.0166758134898391,2,Technician C,Quarterly,90.45226130653266
52,HVAC,379.9,6.19,0.1980955167202895,3,Technician B,Monthly,61.37318255250403
18,General,153.48,1.43,0.8731088427642276,4,Technician C,Yearly,107.32867132867132
90,General,64.21,8.22,0.531661023764483,2,Technician B,Quarterly,7.811435523114354
20,Plumbing,63.67,6.22,0.6481050345341234,1,Technician C,Monthly,10.236334405144696
95,Electrical,67.29,1.45,0.0681090247235225,4,Technician B,Monthly,46.40689655172415
35,General,79.18,4.54,0.1305045596374398,5,Technician C,Monthly,17.440528634361236
29,Plumbing,228.64,2.91,0.1356883177922793,1,Technician C,Yearly,78.57044673539518
22,HVAC,321.55,5.6,0.6520930618816506,2,Technician B,Yearly,57.41964285714286
58,Plumbing,118.59,7.85,0.5235635795298558,4,Technician C,Yearly,15.107006369426752
25,General,295.26,6.23,0.2077834209616914,5,Technician A,Quarterly,47.39325842696629
62,Electrical,282.97,3.49,0.5123003468870806,2,Technician B,Quarterly,81.08022922636104
61,HVAC,163.51,5.55,0.967802737648485,3,Technician B,Yearly,29.46126126126126
84,HVAC,346.03,6.12,0.0820236852114708,2,Technician B,Quarterly,56.54084967320261
47,HVAC,379.76,8.02,0.9616158070461656,5,Technician B,Yearly,47.35162094763093
52,HVAC,455.79,8.59,0.2181743295932732,5,Technician A,Quarterly,53.0605355064028
52,Plumbing,363.86,7.41,0.8495342154879013,5,Technician B,Yearly,49.10391363022942
93,Electrical,441.84,5.28,0.5046190246076956,4,Technician C,Yearly,83.68181818181817
3,HVAC,428.9,1.32,0.1147535994138354,5,Technician A,Quarterly,324.9242424242424
12,Electrical,297.29,7.96,0.4574430558698882,5,Technician C,Monthly,37.34798994974874
63,General,238.46,1.51,0.6320192084224364,4,Technician A,Monthly,157.9205298013245
19,Plumbing,109.64,4.04,0.8157694046351072,2,Technician C,Quarterly,27.138613861386137
55,General,252.67,4.49,0.6737017335421565,2,Technician C,Monthly,56.2739420935412
17,General,324.94,5.7,0.9944152675588734,4,Technician A,Quarterly,57.00701754385965
59,HVAC,489.14,8.41,0.3148258293516488,3,Technician B,Monthly,58.16171224732461
7,HVAC,494.0,5.56,0.2497721624465197,4,Technician B,Yearly,88.84892086330936
46,Electrical,412.7,1.7,0.5466963282963399,5,Technician A,Yearly,242.76470588235293
57,Plumbing,381.59,3.89,0.8372630071385088,2,Technician A,Quarterly,98.09511568123392
61,Electrical,247.78,7.93,0.135355434973284,4,Technician C,Yearly,31.245901639344265
95,General,351.06,9.72,0.273698457678371,2,Technician A,Monthly,36.117283950617285
72,Electrical,396.91,6.25,0.1157013181803021,2,Technician B,Monthly,63.5056
45,Plumbing,484.01,9.62,0.6360473423391266,3,Technician A,Yearly,50.31288981288981
28,HVAC,498.35,7.18,0.2371444659777112,2,Technician A,Quarterly,69.40807799442898
1,Plumbing,52.22,2.05,0.6627962742097216,3,Technician C,Quarterly,25.47317073170732
53,Electrical,368.53,4.12,0.8123907241861509,4,Technician A,Monthly,89.44902912621359
36,Plumbing,117.98,5.87,0.3615413987540385,2,Technician C,Yearly,20.098807495741056
48,General,249.69,8.5,0.8273565548261456,1,Technician C,Quarterly,29.37529411764706
48,Plumbing,54.4,1.41,0.2239825458650811,3,Technician B,Quarterly,38.58156028368794
80,General,441.01,6.02,0.1221115159242879,2,Technician C,Quarterly,73.25747508305648
65,Plumbing,60.64,9.81,0.924254274603116,5,Technician A,Yearly,6.18144750254842
33,HVAC,409.02,2.12,0.4464419217965487,4,Technician C,Yearly,192.9339622641509
78,Plumbing,125.37,2.97,0.8992603589246896,3,Technician C,Yearly,42.21212121212121
20,Electrical,93.07,6.76,0.8134344823242641,4,Technician A,Yearly,13.76775147928994
68,Electrical,287.17,1.52,0.3715465113198744,1,Technician A,Quarterly,188.92763157894737
37,HVAC,207.78,3.98,0.0440403793884643,5,Technician C,Yearly,52.20603015075377
70,Electrical,152.0,7.74,0.1380154870200517,1,Technician B,Yearly,19.638242894056848
23,General,286.88,3.47,0.3130501450631469,2,Technician C,Monthly,82.6743515850144
89,HVAC,483.35,3.75,0.2494582042932323,1,Technician B,Monthly,128.89333333333337
92,HVAC,91.85,9.12,0.74473672782921,5,Technician A,Quarterly,10.071271929824562
27,General,241.47,7.02,0.828488133895241,1,Technician B,Monthly,34.3974358974359
18,General,369.07,6.93,0.397884175557023,3,Technician A,Monthly,53.25685425685426
17,General,172.38,6.15,0.4162627806879073,2,Technician C,Yearly,28.029268292682925
13,Plumbing,121.8,7.43,0.3165867599086511,1,Technician B,Quarterly,16.39300134589502
1,Electrical,257.24,1.35,0.9631590270650664,2,Technician B,Monthly,190.54814814814813
35,HVAC,305.39,2.86,0.9401831912520826,4,Technician A,Monthly,106.77972027972028
86,General,201.6,9.6,0.0430524027156685,2,Technician B,Yearly,21.0
83,HVAC,442.33,5.05,0.4528137142109167,5,Technician A,Yearly,87.590099009901
12,Electrical,134.61,3.54,0.6328026106615069,2,Technician C,Yearly,38.02542372881357
90,General,390.27,6.69,0.7674988305907054,4,Technician C,Monthly,58.336322869955154
6,Electrical,337.34,5.22,0.8956979631993723,3,Technician C,Yearly,64.62452107279694
25,Plumbing,412.88,6.39,0.2312799283159554,2,Technician A,Monthly,64.61345852895148
95,General,314.5,7.31,0.7906911019001679,5,Technician B,Yearly,43.02325581395349
32,General,156.22,4.37,0.0359301821859729,2,Technician B,Monthly,35.74828375286041
3,General,97.06,1.33,0.9622614466091568,2,Technician B,Yearly,72.97744360902256
49,Plumbing,404.88,7.83,0.5738505979750267,3,Technician C,Yearly,51.7088122605364
44,Plumbing,398.06,4.34,0.3046023557741905,5,Technician A,Monthly,91.7188940092166
56,Electrical,434.47,7.23,0.5654199676077424,2,Technician C,Yearly,60.0926694329184
82,Electrical,441.76,8.79,0.7832154546566787,2,Technician C,Quarterly,50.25711035267349
76,Electrical,168.4,4.33,0.3991667945110195,3,Technician B,Monthly,38.891454965357966
23,Plumbing,196.91,2.26,0.2391425454345231,2,Technician B,Yearly,87.1283185840708
17,General,369.61,6.26,0.8532424691971175,5,Technician C,Yearly,59.04313099041534
29,HVAC,314.69,8.26,0.4124030604678661,4,Technician C,Quarterly,38.09806295399516
30,Electrical,356.1,4.32,0.4337705660180175,4,Technician A,Quarterly,82.43055555555556
51,HVAC,329.41,6.04,0.8224946492902271,1,Technician B,Quarterly,54.53807947019868
45,HVAC,449.12,6.08,0.7659715748551791,3,Technician C,Yearly,73.86842105263158
89,Electrical,171.05,7.96,0.3583346566716737,3,Technician C,Quarterly,21.488693467336685
10,Electrical,422.39,4.29,0.7914097505069756,2,Technician C,Quarterly,98.45920745920743
90,Plumbing,173.13,3.63,0.5814171055820205,2,Technician C,Quarterly,47.69421487603306
33,Plumbing,234.96,3.7,0.6054812505259454,1,Technician A,Quarterly,63.5027027027027
62,General,375.95,2.29,0.5531119710583715,1,Technician B,Quarterly,164.1703056768559
8,Plumbing,117.0,3.74,0.7007255212842638,5,Technician A,Quarterly,31.28342245989305
18,Electrical,422.71,5.09,0.7463628843132415,5,Technician A,Quarterly,83.04715127701375
33,Plumbing,400.93,3.51,0.9415329102844412,2,Technician A,Monthly,114.22507122507125
52,HVAC,378.79,3.82,0.7385058785105187,2,Technician A,Yearly,99.15968586387436
24,HVAC,276.15,6.36,0.1141399693096321,5,Technician A,Yearly,43.41981132075471
10,Plumbing,420.12,4.41,0.3456249935764015,4,Technician B,Monthly,95.26530612244898
49,General,256.75,1.69,0.1892836459160094,3,Technician B,Quarterly,151.92307692307693
39,HVAC,104.68,8.09,0.0554158884422444,4,Technician B,Monthly,12.939431396786157
61,Plumbing,493.25,2.39,0.597839986845685,1,Technician B,Quarterly,206.3807531380753
48,Electrical,156.89,3.57,0.2535841169963692,4,Technician C,Monthly,43.94677871148459
4,General,195.62,1.38,0.3901202346883392,2,Technician B,Quarterly,141.7536231884058
78,Electrical,251.24,6.92,0.8936352533461337,4,Technician A,Quarterly,36.30635838150289
90,HVAC,102.36,7.65,0.7323884465975549,3,Technician A,Monthly,13.380392156862744
19,General,142.2,3.82,0.9435741440351773,5,Technician B,Quarterly,37.22513089005236
47,Electrical,321.57,5.9,0.0609287217207199,5,Technician A,Monthly,54.50338983050847
67,HVAC,67.7,4.46,0.3175545798695017,2,Technician C,Monthly,15.179372197309418
23,General,61.79,5.47,0.5896534951515476,5,Technician C,Quarterly,11.296160877513712
63,Plumbing,129.84,9.55,0.6175291150623116,5,Technician A,Quarterly,13.595811518324608
4,Plumbing,415.3,4.58,0.7567580902469283,4,Technician B,Yearly,90.67685589519652
62,Plumbing,110.07,5.92,0.2659976930926579,4,Technician B,Yearly,18.592905405405403
48,General,221.28,6.8,0.9751799759755084,3,Technician A,Yearly,32.54117647058823
49,General,452.39,2.2,0.2257277238391274,5,Technician A,Monthly,205.63181818181812
30,Electrical,327.62,7.18,0.904766341680118,1,Technician B,Monthly,45.629526462395546
6,General,124.17,7.83,0.7816325580532472,3,Technician C,Yearly,15.85823754789272
12,General,155.59,7.0,0.226033196788652,2,Technician B,Quarterly,22.22714285714286
2,HVAC,114.01,9.09,0.0985942302419364,3,Technician B,Yearly,12.542354235423543
66,HVAC,111.4,6.62,0.0136340239058214,4,Technician B,Yearly,16.827794561933537
92,Electrical,467.17,7.5,0.6504252488238643,1,Technician B,Monthly,62.28933333333334
74,General,215.84,6.34,0.2462441609706001,4,Technician A,Quarterly,34.04416403785489
60,Plumbing,407.66,9.67,0.4108570918404964,2,Technician A,Yearly,42.15718717683558
100,Plumbing,117.58,7.41,0.0143309058670012,2,Technician C,Monthly,15.86774628879892
39,HVAC,493.98,3.6,0.279745967769071,1,Technician B,Monthly,137.21666666666667
7,General,367.11,4.06,0.5474148403797259,4,Technician B,Yearly,90.42118226600986
19,HVAC,479.99,5.03,0.0183861421515972,5,Technician B,Monthly,95.42544731610336
28,Electrical,311.08,8.69,0.943928283476458,4,Technician A,Quarterly,35.79746835443038
53,General,155.17,7.36,0.0658117606905764,4,Technician A,Yearly,21.08288043478261
89,Electrical,254.63,6.43,0.4843911856008492,4,Technician C,Monthly,39.60031104199067
24,Plumbing,122.34,5.24,0.3414252696042983,4,Technician B,Yearly,23.34732824427481
28,HVAC,488.66,2.03,0.1076141847598588,2,Technician A,Quarterly,240.71921182266013
30,General,77.12,7.23,0.2123339742868912,3,Technician A,Monthly,10.666666666666666
81,HVAC,487.4,1.91,0.5234071850674719,1,Technician A,Monthly,255.1832460732984
13,Electrical,264.21,3.18,0.0241101934086668,2,Technician B,Yearly,83.08490566037734
2,Electrical,441.84,3.48,0.7242325476119492,1,Technician B,Yearly,126.9655172413793
90,Electrical,361.47,4.58,0.5299703410214206,2,Technician B,Quarterly,78.9235807860262
59,General,485.21,1.56,0.2215172721131058,2,Technician A,Quarterly,311.03205128205127
93,HVAC,398.59,9.8,0.5980091173287496,4,Technician C,Yearly,40.67244897959184
84,Plumbing,110.82,3.81,0.6139794562733938,5,Technician C,Monthly,29.086614173228345
75,Plumbing,108.82,9.48,0.5236634160546108,5,Technician B,Monthly,11.478902953586497
99,Plumbing,452.8,3.18,0.0145671547512788,4,Technician C,Quarterly,142.38993710691824
42,HVAC,346.42,6.73,0.4439038323199116,1,Technician C,Monthly,51.4739970282318
42,Electrical,396.15,1.11,0.99458198903526,4,Technician B,Monthly,356.8918918918918
38,HVAC,288.64,8.63,0.5248999867258383,4,Technician C,Monthly,33.44611819235225
89,Electrical,137.58,5.9,0.502490876826932,3,Technician B,Yearly,23.31864406779661
98,General,167.07,4.37,0.7261112593446369,1,Technician B,Monthly,38.23112128146453
67,HVAC,267.6,5.39,0.362753600399152,2,Technician A,Quarterly,49.64749536178108
94,Plumbing,339.61,2.18,0.2623429667809457,5,Technician C,Monthly,155.78440366972475
70,HVAC,125.17,4.07,0.2478733587284236,4,Technician B,Quarterly,30.75429975429975
12,Plumbing,336.5,9.65,0.2473997470583457,2,Technician B,Monthly,34.87046632124352
10,HVAC,118.06,9.82,0.7950580176061312,2,Technician A,Monthly,12.022403258655803
66,General,104.62,3.06,0.9175430096537448,1,Technician A,Monthly,34.189542483660134
93,Plumbing,188.28,9.62,0.4113745714125894,3,Technician C,Quarterly,19.57172557172557
26,General,420.18,4.63,0.0816672758600962,4,Technician B,Quarterly,90.75161987041037
54,Plumbing,228.92,3.71,0.7835000808452567,1,Technician B,Quarterly,61.703504043126685
8,HVAC,82.6,6.68,0.5764724375577539,4,Technician C,Yearly,12.365269461077844
24,Electrical,290.89,4.49,0.6033341962120348,1,Technician B,Quarterly,64.78619153674832
14,Electrical,452.3,1.82,0.2330728118908349,4,Technician B,Monthly,248.5164835164835
95,Electrical,305.29,8.61,0.5920168427890629,1,Technician B,Quarterly,35.45760743321719
29,HVAC,140.24,5.66,0.0517858887328168,5,Technician B,Yearly,24.777385159010603
88,Electrical,226.62,6.33,0.7618836118624439,3,Technician C,Quarterly,35.800947867298575
13,HVAC,253.3,9.36,0.0424699092565331,4,Technician B,Quarterly,27.061965811965816
10,Electrical,231.34,1.52,0.3072389618477205,3,Technician A,Yearly,152.19736842105263
60,HVAC,293.01,1.56,0.8913182063602987,2,Technician B,Quarterly,187.82692307692307
39,Electrical,156.59,7.36,0.5811954237209566,3,Technician A,Quarterly,21.275815217391305
87,HVAC,392.46,8.7,0.5235864852214529,1,Technician A,Quarterly,45.11034482758621
1,Electrical,258.77,2.82,0.6383505774204318,2,Technician A,Yearly,91.76241134751773
15,Plumbing,399.47,1.31,0.144309200721603,1,Technician C,Monthly,304.9389312977099
17,General,224.85,6.3,0.6031921656146675,3,Technician A,Quarterly,35.69047619047619
44,HVAC,418.58,4.34,0.8176233783044862,2,Technician A,Quarterly,96.44700460829492
21,Electrical,445.02,3.44,0.8712516273986526,1,Technician B,Monthly,129.36627906976744
90,HVAC,274.02,7.12,0.959472182955412,5,Technician B,Monthly,38.48595505617977
13,Electrical,269.53,9.01,0.1491408259397374,5,Technician A,Quarterly,29.914539400665923
49,HVAC,266.6,8.03,0.6784911686505812,3,Technician B,Monthly,33.20049813200499
62,Plumbing,269.71,5.03,0.2266906520749236,2,Technician B,Quarterly,53.62027833001987
40,General,109.06,1.57,0.9894317657796315,3,Technician A,Yearly,69.46496815286623
100,General,384.58,8.57,0.2729499947314878,3,Technician C,Yearly,44.87514585764293
32,Electrical,69.54,4.66,0.1274856801402462,2,Technician B,Quarterly,14.92274678111588
58,General,437.91,1.17,0.4667280937679504,5,Technician C,Monthly,374.2820512820513
64,HVAC,442.19,5.02,0.4858174289126314,3,Technician B,Yearly,88.08565737051794
55,HVAC,70.58,2.0,0.1733430529752808,5,Technician C,Yearly,35.29
14,HVAC,104.09,8.89,0.5007109258366713,1,Technician A,Yearly,11.708661417322835
29,Plumbing,77.16,4.7,0.4646131688089708,5,Technician C,Quarterly,16.417021276595744
22,Electrical,368.94,5.12,0.9325445893524508,1,Technician A,Quarterly,72.05859375
97,General,165.44,7.04,0.2065810162217808,2,Technician B,Yearly,23.5
96,Electrical,111.7,6.72,0.3941360467826281,1,Technician B,Yearly,16.62202380952381
90,Electrical,197.12,3.74,0.7308796233222077,5,Technician A,Quarterly,52.70588235294117
26,Plumbing,102.79,7.02,0.0764398610394476,2,Technician A,Yearly,14.642450142450144
16,Plumbing,323.19,4.22,0.4989711169137659,4,Technician C,Yearly,76.58530805687204
62,Plumbing,299.91,3.32,0.6580549838612207,5,Technician B,Quarterly,90.3343373493976
58,HVAC,173.37,3.44,0.3840426383911004,2,Technician C,Quarterly,50.39825581395349
24,Plumbing,330.74,8.23,0.4423665331024188,3,Technician B,Monthly,40.18712029161604
91,Electrical,471.57,7.17,0.9652096385457352,4,Technician B,Monthly,65.76987447698745
5,Electrical,323.84,3.5,0.921513391907418,1,Technician A,Yearly,92.52571428571429
89,Plumbing,312.09,2.07,0.9840315142791302,5,Technician C,Yearly,150.768115942029
45,Electrical,274.19,1.46,0.8935945864501316,1,Technician B,Yearly,187.8013698630137
24,General,297.6,4.67,0.8398203522034884,2,Technician B,Yearly,63.72591006423984
67,Plumbing,256.66,6.61,0.2435711258646319,5,Technician A,Monthly,38.82904689863843
11,Plumbing,282.77,1.92,0.0609019330994933,4,Technician B,Yearly,147.27604166666666
86,Plumbing,132.9,7.43,0.8624965074015853,2,Technician C,Monthly,17.886944818304173
70,HVAC,107.64,9.94,0.1660748523335137,5,Technician C,Quarterly,10.828973843058352
85,Electrical,104.85,8.51,0.6728471334885447,1,Technician A,Monthly,12.320799059929495
52,Electrical,174.61,6.31,0.3063009968875375,2,Technician C,Quarterly,27.67194928684628
24,HVAC,65.89,4.75,0.4340521760809567,4,Technician A,Quarterly,13.87157894736842
93,General,440.72,5.09,0.1319653196239617,4,Technician B,Quarterly,86.58546168958743
16,General,128.68,5.78,0.1063372973482271,1,Technician C,Monthly,22.262975778546718
67,Plumbing,362.96,8.77,0.0995465128087751,4,Technician C,Yearly,41.38654503990878
53,HVAC,278.36,2.14,0.1893934178848461,3,Technician C,Quarterly,130.07476635514018
41,HVAC,413.53,2.18,0.7680054353132096,5,Technician A,Yearly,189.6926605504587
58,HVAC,187.52,3.07,0.5890200909809116,2,Technician B,Monthly,61.081433224755706
59,HVAC,161.25,7.06,0.7972110725787628,4,Technician A,Yearly,22.83994334277621
57,Electrical,373.64,1.54,0.0080591033421197,4,Technician A,Monthly,242.6233766233766
39,Electrical,450.62,6.55,0.4512666140731144,1,Technician C,Monthly,68.7969465648855
60,Electrical,335.3,3.04,0.2942667366371143,4,Technician C,Yearly,110.29605263157896
97,HVAC,323.56,8.62,0.0054049236726698,5,Technician C,Monthly,37.535962877030165
9,Electrical,331.1,1.08,0.2018418353637581,4,Technician A,Yearly,306.5740740740741
38,HVAC,112.66,4.18,0.0837249378453484,4,Technician C,Monthly,26.95215311004785
59,Electrical,152.27,7.86,0.4922323151824083,4,Technician A,Monthly,19.372773536895675
92,General,273.55,5.04,0.2987828710542516,4,Technician B,Quarterly,54.27579365079365
33,Plumbing,277.76,1.15,0.7304924774822994,3,Technician B,Yearly,241.5304347826087
65,General,86.27,9.7,0.3327808689607955,5,Technician B,Monthly,8.893814432989691
97,Plumbing,443.04,2.09,0.3822522519774584,5,Technician A,Monthly,211.9808612440192
83,HVAC,257.66,9.83,0.9353781613071172,1,Technician C,Monthly,26.211597151576807
62,HVAC,331.8,5.69,0.2182598726937294,1,Technician C,Yearly,58.3128295254833
33,HVAC,118.41,7.96,0.8681692953265041,2,Technician A,Quarterly,14.875628140703515
81,General,477.89,7.33,0.0756611039041108,4,Technician B,Yearly,65.19645293315143
19,Electrical,404.11,5.92,0.8353725302842461,2,Technician C,Monthly,68.26182432432432
99,HVAC,188.57,4.47,0.9108026709698132,3,Technician C,Yearly,42.18568232662192
50,Plumbing,480.48,2.42,0.6384887847991355,1,Technician C,Quarterly,198.54545454545456
32,HVAC,362.82,1.65,0.3227265727266384,1,Technician A,Yearly,219.8909090909091
15,General,441.94,4.57,0.5563280072570793,1,Technician B,Monthly,96.7045951859956
4,Plumbing,173.4,6.39,0.6997052060994762,1,Technician A,Quarterly,27.136150234741788
20,Electrical,336.33,2.86,0.810468217215466,4,Technician A,Yearly,117.5979020979021
86,General,88.55,3.56,0.9888355313891644,2,Technician A,Quarterly,24.873595505617978
92,HVAC,165.96,7.76,0.2743846052025874,2,Technician C,Quarterly,21.38659793814433
40,HVAC,116.75,5.13,0.2873267165089019,2,Technician A,Yearly,22.758284600389864
32,HVAC,486.42,7.35,0.2798926522464269,5,Technician B,Quarterly,66.1795918367347
34,Plumbing,467.15,7.32,0.2980756505248227,2,Technician B,Yearly,63.81830601092896
81,Electrical,181.25,5.61,0.2042467589121674,4,Technician A,Yearly,32.30837789661319
47,HVAC,406.78,7.05,0.4772000794179613,3,Technician B,Monthly,57.69929078014184
62,Plumbing,496.47,6.47,0.7704472210739898,1,Technician A,Monthly,76.73415765069552
78,General,243.35,1.1,0.0146089971088828,3,Technician A,Quarterly,221.2272727272727
64,HVAC,54.96,2.27,0.3069722822090182,5,Technician A,Yearly,24.211453744493397
73,Electrical,114.12,6.71,0.6541601542860984,5,Technician B,Yearly,17.007451564828614
11,Electrical,320.01,3.14,0.2757574044412813,2,Technician C,Yearly,101.9140127388535
63,HVAC,360.5,9.68,0.4259377084669394,2,Technician A,Monthly,37.24173553719008
19,Electrical,158.31,4.21,0.1698725944044763,4,Technician C,Monthly,37.60332541567696
53,Plumbing,498.71,9.2,0.1058532358779088,1,Technician A,Monthly,54.207608695652176
98,HVAC,234.99,4.01,0.3739471344790674,1,Technician A,Quarterly,58.60099750623442
96,Plumbing,73.38,6.84,0.3060471662287715,2,Technician B,Monthly,10.728070175438596
93,Electrical,470.5,2.21,0.122007413576889,5,Technician A,Yearly,212.89592760180997
71,Plumbing,192.27,2.44,0.1932494152341681,2,Technician C,Yearly,78.79918032786885
7,General,387.34,5.92,0.949899668246076,1,Technician C,Yearly,65.42905405405405
27,HVAC,265.63,7.88,0.0932714467781699,4,Technician B,Monthly,33.70939086294416
77,HVAC,216.97,4.26,0.6966951114367486,4,Technician A,Monthly,50.93192488262911
86,Electrical,128.19,3.24,0.8456535222773424,2,Technician C,Monthly,39.56481481481481
32,Plumbing,377.57,1.47,0.5574049643141872,3,Technician A,Monthly,256.8503401360544
15,Electrical,376.91,8.3,0.1812255610497095,1,Technician C,Yearly,45.410843373493975
90,General,471.47,9.68,0.2217819781923186,1,Technician A,Quarterly,48.7055785123967
22,Electrical,310.27,7.98,0.8122581209903419,3,Technician A,Yearly,38.88095238095238
8,Plumbing,485.82,1.86,0.3303914736656165,4,Technician B,Quarterly,261.1935483870968
54,Plumbing,360.29,5.0,0.7905205102716735,1,Technician B,Quarterly,72.058
86,HVAC,82.94,4.48,0.1950089804386158,3,Technician C,Yearly,18.51339285714285
88,Electrical,87.56,3.24,0.9775899603450432,3,Technician C,Monthly,27.02469135802469
14,HVAC,471.3,6.15,0.5377829347413765,5,Technician A,Yearly,76.6341463414634
28,Plumbing,158.92,7.69,0.3118021369557686,3,Technician B,Yearly,20.66579973992197
30,Plumbing,274.22,9.57,0.9080150893749742,5,Technician A,Quarterly,28.65412748171369
18,Plumbing,59.96,4.8,0.5836050370080997,2,Technician C,Monthly,12.491666666666667
97,HVAC,229.47,1.98,0.8895766183304922,3,Technician B,Quarterly,115.8939393939394
22,Electrical,397.41,9.5,0.0819657346436621,4,Technician C,Monthly,41.83263157894737
99,General,410.26,1.05,0.3196520552920625,5,Technician B,Monthly,390.7238095238095
30,HVAC,303.03,4.9,0.5726428531155846,5,Technician B,Quarterly,61.842857142857135
23,HVAC,320.73,2.0,0.1506874870008338,4,Technician A,Monthly,160.365
71,HVAC,246.92,2.49,0.199411597758535,1,Technician A,Quarterly,99.16465863453814
54,Plumbing,445.33,9.19,0.7616758762136626,5,Technician A,Monthly,48.45810663764962
38,Plumbing,491.53,1.63,0.6475164648433631,1,Technician B,Quarterly,301.55214723926383
6,Electrical,234.46,4.11,0.2557437015483004,1,Technician C,Quarterly,57.04622871046229
18,HVAC,403.2,3.67,0.1046759705355333,2,Technician A,Yearly,109.86376021798364
55,Plumbing,103.25,2.76,0.2957475625950206,4,Technician B,Yearly,37.40942028985508
43,Electrical,455.01,5.51,0.8375308340760557,2,Technician A,Yearly,82.57894736842105
4,Plumbing,394.16,4.64,0.4993029460143252,4,Technician A,Yearly,84.94827586206898
12,Plumbing,451.44,8.26,0.7521286995435712,5,Technician C,Monthly,54.653753026634384
62,HVAC,80.31,3.34,0.940220805571285,5,Technician B,Yearly,24.04491017964072
66,General,405.36,1.01,0.3982277939580116,3,Technician B,Quarterly,401.34653465346537
24,General,161.92,1.23,0.9467560351737032,1,Technician B,Quarterly,131.6422764227642
51,Plumbing,133.75,4.94,0.3874512959225387,1,Technician B,Monthly,27.0748987854251
50,Electrical,221.87,4.21,0.2581039291604684,4,Technician A,Monthly,52.70071258907364
92,Plumbing,481.13,9.76,0.3543771829861353,1,Technician B,Yearly,49.29610655737705
66,HVAC,65.13,5.94,0.9316979736811688,2,Technician B,Quarterly,10.964646464646464
90,Plumbing,371.34,1.78,0.0291551860220889,4,Technician C,Yearly,208.61797752808988
90,HVAC,353.04,2.39,0.3465587598165476,5,Technician C,Quarterly,147.7154811715481
37,Electrical,489.14,9.26,0.9956378335948084,3,Technician C,Yearly,52.822894168466526
35,Plumbing,104.62,8.05,0.116477849673337,5,Technician A,Monthly,12.996273291925466
57,HVAC,379.88,8.88,0.5685522556046121,2,Technician B,Quarterly,42.77927927927927
88,HVAC,179.17,3.93,0.0600964103781701,2,Technician B,Monthly,45.59033078880407
72,Electrical,274.5,1.64,0.6192390320535817,4,Technician A,Monthly,167.3780487804878
80,Electrical,197.16,5.8,0.6379018745529615,4,Technician C,Monthly,33.99310344827586
70,HVAC,412.55,2.96,0.5660716464481651,5,Technician A,Yearly,139.375
9,Electrical,94.28,7.46,0.8835647283701904,3,Technician C,Yearly,12.638069705093834
87,Electrical,248.15,7.65,0.8634846083691153,3,Technician C,Yearly,32.43790849673203
62,Plumbing,440.72,1.72,0.2152044797331928,2,Technician B,Monthly,256.2325581395349
63,Electrical,265.97,7.32,0.7815056477421821,5,Technician C,Monthly,36.33469945355191
59,HVAC,219.15,5.51,0.1164589304817125,4,Technician C,Quarterly,39.77313974591652
23,General,99.38,7.37,0.7859252762089134,3,Technician C,Monthly,13.48439620081411
6,HVAC,152.8,6.43,0.943174822961285,2,Technician C,Monthly,23.76360808709176
3,HVAC,306.77,4.13,0.1111371473320124,2,Technician A,Quarterly,74.27845036319613
60,General,444.49,1.01,0.9386648132933724,1,Technician A,Yearly,440.0891089108911
56,Electrical,493.1,4.93,0.587697018287546,2,Technician A,Yearly,100.02028397565924
21,General,294.01,5.29,0.730243334357868,5,Technician C,Yearly,55.57844990548204
31,Electrical,202.22,1.4,0.0591058208756545,1,Technician B,Monthly,144.44285714285715
64,General,55.67,8.41,0.4158613394079475,4,Technician C,Monthly,6.619500594530321
90,HVAC,417.85,3.84,0.9241077159112796,5,Technician B,Yearly,108.81510416666669
57,Electrical,85.73,7.69,0.8691748574030873,5,Technician B,Monthly,11.148244473342002
51,Electrical,486.0,8.78,0.682153161561635,2,Technician B,Monthly,55.35307517084283
56,HVAC,280.63,1.83,0.6693569842407483,4,Technician C,Yearly,153.34972677595627
51,Electrical,416.67,4.11,0.2200886768713865,1,Technician B,Monthly,101.37956204379562
57,General,162.3,6.62,0.209455769509511,4,Technician B,Yearly,24.5166163141994
71,General,148.65,3.78,0.0913741048604092,1,Technician C,Yearly,39.32539682539683
2,General,52.87,7.09,0.0050265526098031,1,Technician B,Yearly,7.456981664315938
94,HVAC,273.63,7.1,0.7004317991565039,2,Technician B,Yearly,38.53943661971831
73,HVAC,391.22,9.79,0.7338831308025413,3,Technician B,Quarterly,39.9611848825332
56,Electrical,237.99,5.13,0.0561620099033131,4,Technician B,Monthly,46.39181286549708
27,General,141.69,4.59,0.4017931351094245,4,Technician C,Quarterly,30.869281045751634
16,HVAC,468.77,6.86,0.5297139661083676,5,Technician B,Yearly,68.3338192419825
36,HVAC,406.97,3.33,0.1419942593520846,1,Technician B,Monthly,122.21321321321322
62,HVAC,349.21,1.04,0.4920544893824006,3,Technician A,Monthly,335.77884615384613
42,Electrical,63.49,4.51,0.2963920068752834,2,Technician A,Quarterly,14.07760532150776
45,Plumbing,418.0,9.05,0.647457940745546,5,Technician A,Quarterly,46.1878453038674
88,Electrical,344.38,6.69,0.3132664765806103,3,Technician A,Quarterly,51.47683109118086
92,General,281.67,8.1,0.3405448354798969,1,Technician C,Quarterly,34.77407407407408
58,Plumbing,392.46,7.25,0.4623911769125407,3,Technician A,Quarterly,54.132413793103446
8,General,435.73,7.51,0.1392468445941095,1,Technician C,Yearly,58.01997336884155
86,Plumbing,372.92,7.43,0.0920987541995898,5,Technician B,Quarterly,50.19111709286676
26,General,363.15,4.91,0.9221919280512842,4,Technician C,Quarterly,73.96130346232178
49,HVAC,341.36,1.17,0.6611406784286965,5,Technician C,Yearly,291.7606837606838
97,Electrical,225.99,8.72,0.3356232729779117,2,Technician A,Yearly,25.916284403669724
62,General,368.68,6.98,0.7297119064974222,1,Technician A,Quarterly,52.81948424068768
78,General,326.88,1.12,0.1322879476510382,2,Technician C,Yearly,291.85714285714283
24,Plumbing,178.19,2.9,0.5941418627564575,1,Technician A,Yearly,61.4448275862069
13,General,77.06,9.03,0.1195619977520564,4,Technician B,Yearly,8.533776301218163
2,Electrical,447.09,2.93,0.5826286460403656,3,Technician A,Yearly,152.5904436860068
94,General,457.81,3.25,0.0246179838412385,3,Technician A,Monthly,140.86461538461538
39,Electrical,389.77,2.99,0.5498641783643982,2,Technician B,Quarterly,130.35785953177256
34,General,110.91,4.57,0.7359179535519887,5,Technician A,Monthly,24.269146608315097
62,HVAC,205.67,7.11,0.712845995860955,3,Technician A,Yearly,28.926863572433188
23,Plumbing,252.38,9.15,0.9117258769127756,1,Technician C,Monthly,27.582513661202185
38,Plumbing,206.3,7.59,0.8862882164557176,3,Technician A,Quarterly,27.18050065876153
51,Electrical,471.63,4.75,0.153919509782905,3,Technician B,Yearly,99.29052631578948
14,Plumbing,277.34,3.23,0.9115147258658508,4,Technician C,Monthly,85.86377708978327
77,HVAC,256.18,7.34,0.3088022753496153,1,Technician C,Monthly,34.90190735694823
7,Electrical,330.75,5.26,0.869937832897689,4,Technician C,Monthly,62.88022813688213
26,Electrical,411.62,3.44,0.9954741523468144,3,Technician A,Monthly,119.65697674418604
4,Plumbing,253.54,9.94,0.9686746055743573,1,Technician C,Yearly,25.507042253521128
4,Plumbing,78.02,3.68,0.0537723116619833,2,Technician A,Quarterly,21.20108695652174
79,Plumbing,369.08,9.39,0.2880053459240411,2,Technician B,Yearly,39.30564430244941
49,General,381.05,5.16,0.4945211251204079,5,Technician B,Monthly,73.84689922480621
25,HVAC,419.74,4.32,0.2768699694920122,4,Technician B,Monthly,97.16203703703704
36,HVAC,215.57,3.04,0.3028298889787422,4,Technician C,Quarterly,70.91118421052632
88,General,254.85,4.99,0.1826723842396681,5,Technician A,Quarterly,51.07214428857715
54,Plumbing,211.66,5.02,0.8049637303992545,1,Technician A,Quarterly,42.16334661354582
54,HVAC,217.48,4.53,0.0469729910981397,5,Technician B,Quarterly,48.00883002207505
41,Electrical,243.64,6.15,0.1583039001056143,4,Technician B,Quarterly,39.61626016260162
36,Plumbing,438.26,5.29,0.127369473447881,5,Technician B,Quarterly,82.8468809073724
7,Plumbing,125.61,9.15,0.9027055104453562,4,Technician C,Monthly,13.727868852459016
76,HVAC,392.45,1.0,0.5717893159359805,5,Technician B,Quarterly,392.45
21,Plumbing,215.49,9.66,0.2007709747566786,5,Technician B,Monthly,22.30745341614907
69,Electrical,302.3,1.71,0.9119595841996332,3,Technician C,Yearly,176.78362573099415
37,HVAC,339.76,3.9,0.9027637879645088,2,Technician B,Yearly,87.11794871794872
35,HVAC,437.06,4.46,0.6791991512011694,4,Technician C,Quarterly,97.99551569506728
60,HVAC,396.68,9.26,0.0452491890188878,3,Technician B,Yearly,42.83801295896328
9,Electrical,293.58,3.64,0.2169562458638795,3,Technician A,Yearly,80.65384615384615
90,Plumbing,145.42,9.6,0.784769681824988,2,Technician A,Monthly,15.147916666666664
56,Electrical,335.56,1.92,0.981241597455462,1,Technician B,Yearly,174.77083333333334
79,HVAC,316.56,2.28,0.9976228222513854,1,Technician C,Yearly,138.84210526315792
74,Plumbing,347.14,3.23,0.2706199946935966,2,Technician A,Yearly,107.47368421052632
3,Electrical,345.63,8.79,0.1329280427079826,5,Technician A,Yearly,39.32081911262799
92,General,251.87,3.02,0.6559033130983996,1,Technician A,Monthly,83.40066225165563
75,Electrical,421.62,6.86,0.1648847765651384,1,Technician C,Monthly,61.46064139941691
21,Electrical,403.54,8.26,0.6116464193899924,5,Technician B,Quarterly,48.85472154963681
15,HVAC,185.43,8.1,0.4400580465093987,2,Technician A,Quarterly,22.8925925925926
54,Electrical,81.24,1.0,0.8297228663216244,2,Technician C,Quarterly,81.24
35,Electrical,183.44,9.64,0.7422935381702628,3,Technician C,Quarterly,19.029045643153527
73,HVAC,263.58,6.45,0.0618857016804752,4,Technician B,Monthly,40.86511627906977
24,Electrical,468.93,2.25,0.875118044558047,2,Technician A,Monthly,208.41333333333333
74,Plumbing,209.92,4.83,0.7689200445711684,1,Technician C,Yearly,43.46169772256729
81,General,95.47,5.12,0.2954679246267593,5,Technician A,Yearly,18.646484375
76,HVAC,191.93,4.9,0.1968878717756835,3,Technician B,Yearly,39.16938775510204
18,Plumbing,122.03,1.62,0.7315621195611339,3,Technician A,Yearly,75.32716049382715
88,Plumbing,101.65,4.63,0.0255697990897346,4,Technician A,Yearly,21.95464362850972
19,Electrical,289.03,5.55,0.1633366480890572,2,Technician B,Yearly,52.07747747747747
17,General,94.14,6.68,0.0129072279809919,4,Technician B,Monthly,14.092814371257486
99,HVAC,357.46,4.08,0.3448176077461697,4,Technician C,Yearly,87.61274509803921
50,Plumbing,350.4,3.09,0.3258234607704847,2,Technician A,Monthly,113.39805825242718
27,Electrical,73.39,5.61,0.2780995150663564,4,Technician A,Yearly,13.081996434937611
33,Plumbing,76.35,3.39,0.0913088025446702,3,Technician B,Monthly,22.522123893805308
23,Electrical,280.5,6.13,0.0210211067262171,1,Technician B,Yearly,45.75856443719413
17,Electrical,302.55,9.74,0.6577161472759535,2,Technician B,Monthly,31.062628336755647
33,General,190.32,2.13,0.4149604360796805,4,Technician C,Monthly,89.35211267605634
56,Plumbing,151.39,1.61,0.3237308256104236,5,Technician C,Quarterly,94.0310559006211
96,HVAC,292.98,3.68,0.2778451632065655,4,Technician B,Quarterly,79.61413043478261
5,Electrical,367.91,4.05,0.7500284121421912,1,Technician B,Yearly,90.841975308642
1,General,336.39,1.97,0.4441152464963322,5,Technician A,Yearly,170.75634517766497
45,Electrical,277.63,9.03,0.3249227944066413,4,Technician C,Quarterly,30.7452934662237
5,General,459.15,6.29,0.3071456481042115,1,Technician B,Quarterly,72.99682034976152
54,HVAC,230.67,7.24,0.6522751108990502,5,Technician C,Quarterly,31.860497237569056
58,Plumbing,393.97,6.77,0.1941628690460822,1,Technician B,Yearly,58.19350073855245
27,Plumbing,283.59,8.45,0.2878312988516058,4,Technician B,Quarterly,33.56094674556213
47,Electrical,351.27,1.92,0.8595563969179368,2,Technician B,Quarterly,182.953125
100,Plumbing,393.03,8.11,0.4343614981412177,4,Technician C,Quarterly,48.46239210850801
62,Electrical,82.49,2.09,0.2495030796827417,1,Technician C,Monthly,39.4688995215311
41,HVAC,97.22,6.41,0.937108944919677,1,Technician C,Yearly,15.166926677067082
47,HVAC,391.73,8.5,0.3565713259508191,3,Technician A,Quarterly,46.08588235294118
99,Plumbing,254.47,2.33,0.341847285498092,2,Technician A,Quarterly,109.21459227467813
47,General,140.07,1.07,0.4381767166663552,2,Technician A,Yearly,130.90654205607476
47,Plumbing,113.32,6.74,0.0709159594879792,5,Technician C,Monthly,16.81305637982196
70,Plumbing,68.05,1.09,0.2338969314722034,3,Technician C,Monthly,62.43119266055045
30,Plumbing,429.96,1.07,0.8738749555210183,4,Technician B,Monthly,401.83177570093454
50,General,282.02,8.44,0.6938055569674118,1,Technician B,Quarterly,33.41469194312796
69,Electrical,129.72,3.72,0.3375324658838189,2,Technician A,Yearly,34.87096774193548
66,HVAC,418.63,8.27,0.851594319304219,2,Technician A,Quarterly,50.62031438935913
5,HVAC,266.23,9.55,0.6016821640182961,1,Technician C,Yearly,27.877486910994765
44,Electrical,342.65,4.45,0.7681281783808822,4,Technician C,Yearly,76.99999999999999
37,General,269.0,7.52,0.1324046134964546,2,Technician B,Quarterly,35.77127659574468
51,Plumbing,361.6,8.4,0.81527633109056,4,Technician C,Yearly,43.04761904761905
69,Electrical,327.72,6.81,0.7816154791963991,1,Technician B,Monthly,48.123348017621154
25,Electrical,92.99,3.53,0.1277746527899904,2,Technician C,Yearly,26.342776203966007
12,HVAC,292.42,7.31,0.8596795850803329,3,Technician A,Quarterly,40.00273597811218
64,HVAC,316.87,8.64,0.2246024400748848,3,Technician B,Monthly,36.67476851851852
8,Electrical,342.94,1.68,0.8533292165587878,2,Technician B,Quarterly,204.1309523809524
34,Plumbing,273.41,5.54,0.7070152942725908,3,Technician C,Monthly,49.35198555956679
17,Electrical,162.93,5.67,0.765193833754392,4,Technician C,Monthly,28.735449735449738
34,General,366.11,4.26,0.9281018355097864,5,Technician A,Quarterly,85.94131455399062
85,General,283.28,9.95,0.415124939534721,5,Technician B,Yearly,28.47035175879397
2,HVAC,152.64,1.65,0.7268388310482375,3,Technician B,Quarterly,92.5090909090909
10,General,171.42,8.03,0.3190450743322398,1,Technician C,Quarterly,21.34744707347447
33,HVAC,328.82,8.35,0.0433152732543119,3,Technician B,Quarterly,39.37964071856288
14,HVAC,161.01,4.68,0.0679732998194037,2,Technician C,Yearly,34.40384615384615
67,Electrical,403.83,3.41,0.0636847675025167,3,Technician A,Monthly,118.42521994134896
3,Electrical,131.44,8.61,0.1305012641171842,1,Technician A,Quarterly,15.265969802555167
16,General,356.1,3.34,0.8196095530657999,2,Technician C,Quarterly,106.61676646706589
93,HVAC,166.38,9.69,0.0051396275855603,2,Technician C,Quarterly,17.1702786377709
28,Plumbing,385.58,5.7,0.1275701745713708,4,Technician C,Yearly,67.64561403508772
1,General,336.28,3.47,0.8083948823040229,4,Technician A,Quarterly,96.91066282420748
51,Electrical,283.72,6.49,0.2356228511916483,4,Technician A,Monthly,43.71648690292759
9,General,359.66,1.4,0.4411505522306324,3,Technician A,Monthly,256.90000000000003
52,HVAC,378.87,9.5,0.3669614070072005,4,Technician A,Quarterly,39.88105263157895
50,HVAC,498.35,7.56,0.3498543841808544,5,Technician A,Monthly,65.91931216931218
33,Plumbing,131.65,7.78,0.6334117402421271,1,Technician A,Yearly,16.921593830334192
7,General,492.85,7.59,0.2556390937953615,5,Technician C,Quarterly,64.93412384716733
69,Electrical,282.06,8.92,0.9077354331775128,5,Technician B,Monthly,31.621076233183857
96,General,470.24,4.49,0.0899162448597022,1,Technician A,Monthly,104.7305122494432
37,Electrical,424.26,2.47,0.8315407863376656,2,Technician C,Monthly,171.7651821862348
63,Plumbing,96.85,5.68,0.8987878897373477,2,Technician A,Quarterly,17.051056338028168
69,HVAC,401.91,4.89,0.2956650392716191,5,Technician C,Yearly,82.19018404907976
1,Electrical,55.23,6.46,0.1395988673598001,5,Technician C,Monthly,8.549535603715169
74,Electrical,325.82,9.56,0.2859005337712024,2,Technician B,Quarterly,34.08158995815899
2,Electrical,345.53,3.87,0.8301509829979181,5,Technician C,Yearly,89.28423772609818
79,Plumbing,302.08,4.89,0.18245804065249,5,Technician C,Quarterly,61.77505112474438
89,Plumbing,296.58,1.56,0.617931559846298,3,Technician B,Monthly,190.11538461538456
29,Electrical,398.59,3.0,0.8223391114568475,1,Technician C,Yearly,132.86333333333332
37,HVAC,165.55,3.51,0.1834524011502293,5,Technician C,Monthly,47.16524216524217
28,General,287.33,5.9,0.3967550564555293,2,Technician B,Monthly,48.7
54,Electrical,388.12,2.19,0.2083995736183316,1,Technician A,Quarterly,177.22374429223746
53,Plumbing,196.34,6.24,0.9482515377900792,2,Technician B,Monthly,31.464743589743588
56,Electrical,421.27,6.25,0.4155140630620659,1,Technician B,Quarterly,67.4032
65,Electrical,409.42,4.86,0.5892146143478555,5,Technician B,Quarterly,84.24279835390946
18,Plumbing,402.07,5.89,0.117280147800445,2,Technician C,Yearly,68.26315789473685
14,HVAC,480.43,8.13,0.625329959704233,1,Technician C,Monthly,59.09348093480934
93,Plumbing,401.24,1.45,0.2536355555140382,3,Technician A,Monthly,276.71724137931034
43,HVAC,256.24,2.85,0.4856468653342771,4,Technician C,Quarterly,89.90877192982457
62,General,345.27,3.54,0.0509748770224424,1,Technician A,Yearly,97.53389830508472
61,General,415.84,1.56,0.3781007697874508,5,Technician A,Monthly,266.56410256410254
3,General,142.63,7.19,0.5131830837567788,5,Technician B,Monthly,19.837273991655078
75,HVAC,327.19,5.85,0.0591770718635418,4,Technician A,Quarterly,55.92991452991453
78,General,428.39,2.88,0.5035469815118861,1,Technician A,Yearly,148.74652777777777
69,HVAC,346.71,8.68,0.4453865259778722,2,Technician A,Quarterly,39.943548387096776
94,Electrical,112.84,9.65,0.2085883677410507,1,Technician A,Yearly,11.693264248704663
46,General,411.36,1.08,0.1263864224056671,2,Technician B,Quarterly,380.88888888888886
32,Electrical,131.52,7.66,0.7242545274991332,2,Technician C,Yearly,17.169712793733684
2,Plumbing,250.39,3.76,0.690405721911072,4,Technician A,Monthly,66.59308510638297
1,Plumbing,192.54,4.91,0.3042418638271957,3,Technician A,Quarterly,39.21384928716904
5,Electrical,133.01,7.54,0.3847325765074449,1,Technician A,Monthly,17.640583554376658
17,Plumbing,128.89,4.4,0.8040956696335928,5,Technician B,Yearly,29.29318181818181
8,Plumbing,438.5,4.67,0.0610071430053948,2,Technician A,Yearly,93.89721627408994
57,Plumbing,187.49,8.65,0.5447722269827888,3,Technician C,Yearly,21.67514450867052
53,Plumbing,381.85,9.83,0.4783354816705558,2,Technician B,Quarterly,38.84537131230926
90,General,436.18,1.62,0.4107092453916662,5,Technician C,Monthly,269.2469135802469
21,Plumbing,62.23,7.63,0.646837228926381,3,Technician C,Quarterly,8.155963302752292
16,Electrical,235.29,1.69,0.0975076924638752,5,Technician C,Monthly,139.22485207100593
100,HVAC,403.26,3.47,0.4593314408005428,1,Technician B,Monthly,116.21325648414984
79,Electrical,399.52,1.11,0.0402889457345421,5,Technician A,Monthly,359.9279279279279
33,HVAC,469.9,7.25,0.588093637605447,5,Technician A,Yearly,64.81379310344828
42,HVAC,82.44,6.6,0.8372372182218181,3,Technician B,Quarterly,12.490909090909092
65,Electrical,75.67,3.61,0.0571171633704432,3,Technician C,Yearly,20.9612188365651
67,Plumbing,328.81,1.16,0.5252584187815833,3,Technician C,Quarterly,283.4568965517242
79,General,492.58,6.52,0.3261078525125734,1,Technician C,Quarterly,75.54907975460122
90,Plumbing,326.85,5.36,0.8787692497929145,5,Technician A,Monthly,60.9794776119403
26,HVAC,116.35,5.58,0.7144141014704978,1,Technician A,Monthly,20.851254480286737
100,Electrical,262.94,2.67,0.7935706545388016,3,Technician B,Monthly,98.47940074906369
56,General,201.65,9.01,0.0096868827409677,5,Technician C,Monthly,22.380688124306328
92,Plumbing,178.66,6.91,0.6529729219079393,4,Technician B,Yearly,25.85528219971056
96,HVAC,452.67,8.87,0.7101147663372793,5,Technician C,Yearly,51.033821871476896
23,Plumbing,86.41,4.31,0.6761050258143518,2,Technician B,Monthly,20.048723897911835
80,Plumbing,80.53,7.89,0.107057178554186,2,Technician B,Quarterly,10.206590621039291
80,Plumbing,229.4,1.09,0.941048260038377,5,Technician C,Quarterly,210.45871559633028
32,General,442.3,6.47,0.2856995940447645,1,Technician B,Yearly,68.36166924265842
75,Electrical,347.62,7.82,0.3851026028230296,2,Technician A,Monthly,44.452685421994886
84,Electrical,285.53,2.02,0.6415685666849944,4,Technician C,Monthly,141.35148514851485
14,Electrical,269.41,1.47,0.680479462524374,4,Technician C,Quarterly,183.27210884353744
54,HVAC,176.98,8.84,0.1376297343983613,3,Technician A,Monthly,20.020361990950224
86,General,309.92,9.79,0.7930630283706559,4,Technician A,Monthly,31.656792645556692
47,HVAC,257.7,9.47,0.3721202152416987,3,Technician C,Quarterly,27.21224920802534
85,Electrical,64.64,8.48,0.5744367558722058,3,Technician B,Yearly,7.622641509433962
29,Electrical,497.69,3.7,0.6199685648741642,5,Technician C,Yearly,134.5108108108108
55,General,126.39,4.87,0.2136981415703284,4,Technician A,Monthly,25.95277207392197
87,Plumbing,299.79,2.36,0.618610289093939,4,Technician B,Monthly,127.02966101694916
93,General,279.24,1.59,0.5927709408701848,4,Technician B,Quarterly,175.62264150943395
91,Electrical,247.73,9.27,0.0911406394446775,5,Technician B,Quarterly,26.72384034519957
6,Electrical,289.83,3.22,0.4764612712393995,1,Technician B,Monthly,90.00931677018633
51,Electrical,97.55,8.26,0.1976392205911301,5,Technician B,Quarterly,11.809927360774818
74,Plumbing,432.78,2.61,0.143161357811193,2,Technician B,Quarterly,165.816091954023
24,HVAC,174.57,5.81,0.780189268482995,2,Technician B,Quarterly,30.04647160068847
58,Electrical,483.32,1.8,0.0246841572245846,4,Technician C,Quarterly,268.5111111111111
85,Plumbing,248.09,5.62,0.030930881393566,1,Technician C,Monthly,44.144128113879006
47,Plumbing,334.92,1.59,0.8002063476835791,5,Technician B,Quarterly,210.64150943396223
27,Electrical,226.19,4.8,0.0691535677185012,2,Technician B,Monthly,47.12291666666667
5,Electrical,167.77,7.05,0.000929416869961,4,Technician B,Monthly,23.79716312056738
39,Electrical,156.89,7.56,0.9169420482009158,1,Technician A,Quarterly,20.752645502645503
61,Electrical,121.37,2.28,0.984845743967094,5,Technician B,Quarterly,53.23245614035088
17,General,363.03,3.93,0.2545405429216612,3,Technician B,Monthly,92.3740458015267
57,Electrical,68.75,4.93,0.8248537674871036,1,Technician B,Quarterly,13.945233265720082
70,HVAC,79.34,8.95,0.6249797483760352,5,Technician C,Quarterly,8.864804469273745
84,General,117.52,2.21,0.566892796249536,4,Technician B,Monthly,53.17647058823529
1,Electrical,94.63,3.99,0.890138053446914,1,Technician B,Monthly,23.71679197994987
24,HVAC,483.4,7.97,0.6164281773718701,1,Technician C,Yearly,60.65244667503136
85,General,278.76,2.84,0.6307174444919292,1,Technician B,Monthly,98.15492957746478
36,General,345.42,9.28,0.6805581617791014,5,Technician A,Yearly,37.22198275862069
53,Electrical,408.44,1.84,0.8977435665097253,2,Technician C,Monthly,221.9782608695652
98,HVAC,339.15,7.56,0.316077683843264,3,Technician B,Quarterly,44.86111111111111
36,Electrical,304.26,2.68,0.6122757656938724,5,Technician B,Quarterly,113.52985074626864
8,Plumbing,78.03,3.73,0.6783918855030131,1,Technician A,Yearly,20.919571045576408
9,Electrical,427.94,1.69,0.3078863820162494,2,Technician B,Quarterly,253.2189349112426
16,General,89.44,7.91,0.6529496581378422,5,Technician C,Monthly,11.307206068268014
21,General,108.54,4.42,0.1370894580787565,2,Technician A,Quarterly,24.55656108597285
42,HVAC,96.13,6.88,0.7574644454507177,4,Technician C,Yearly,13.972383720930232
82,Plumbing,302.67,6.95,0.3173054774204865,5,Technician A,Yearly,43.54964028776978
39,Electrical,121.51,8.2,0.8160790423433513,4,Technician A,Yearly,14.818292682926833
9,HVAC,247.38,6.51,0.82042682025902,2,Technician B,Monthly,38.0
88,General,89.54,9.74,0.7735721017307203,2,Technician A,Monthly,9.193018480492814
22,Plumbing,293.57,5.61,0.864962605115202,3,Technician A,Quarterly,52.32976827094474
51,Electrical,258.77,7.76,0.0068146979001281,4,Technician B,Yearly,33.34664948453608
1,HVAC,486.24,9.25,0.0768074410692812,3,Technician A,Quarterly,52.56648648648649
48,HVAC,428.91,1.95,0.7715120619984877,1,Technician A,Quarterly,219.95384615384617
77,General,407.39,4.34,0.3305610023062908,5,Technician A,Monthly,93.86866359447004
95,Electrical,190.09,7.09,0.6227322822928333,3,Technician B,Monthly,26.811001410437235
60,General,486.46,5.98,0.4077157706652252,4,Technician A,Monthly,81.34782608695652
60,HVAC,313.97,4.65,0.6846261942649663,5,Technician A,Yearly,67.52043010752688
83,HVAC,68.88,7.56,0.4511931914507237,1,Technician C,Monthly,9.11111111111111
54,General,165.45,6.52,0.1659010243707862,4,Technician C,Yearly,25.375766871165645
99,Plumbing,237.27,6.6,0.1951971645718825,2,Technician A,Monthly,35.95
93,HVAC,66.27,2.88,0.5232130549708749,4,Technician B,Yearly,23.010416666666668
86,General,228.62,6.5,0.2314800959129882,4,Technician B,Monthly,35.17230769230769
71,HVAC,362.16,7.54,0.5605798090010486,3,Technician A,Yearly,48.03183023872679
19,General,480.93,9.19,0.256743496309758,1,Technician C,Quarterly,52.33188248095757
39,HVAC,55.45,2.71,0.3738081088670024,2,Technician B,Yearly,20.461254612546128
12,Plumbing,328.17,3.29,0.3321097833081246,2,Technician B,Yearly,99.74772036474164
38,Plumbing,446.87,9.56,0.4625935471051531,1,Technician B,Monthly,46.74372384937238
39,Electrical,440.63,7.42,0.30301750698203,3,Technician C,Monthly,59.38409703504043
72,Plumbing,394.48,2.61,0.8859139954974249,4,Technician C,Quarterly,151.1417624521073
90,General,344.43,2.79,0.6951874662100657,4,Technician C,Yearly,123.4516129032258
8,Electrical,87.07,8.46,0.0827340396236707,5,Technician B,Quarterly,10.291962174940895
69,Electrical,307.34,8.71,0.18117185085002,4,Technician C,Quarterly,35.28587830080367
22,Plumbing,424.46,6.71,0.9132326804214564,5,Technician C,Monthly,63.25782414307004
77,Electrical,202.75,2.02,0.1562837095497762,3,Technician A,Quarterly,100.37128712871286
62,HVAC,205.65,7.04,0.863135537735739,5,Technician C,Quarterly,29.211647727272727
16,HVAC,90.11,1.43,0.9754730283140218,2,Technician B,Monthly,63.01398601398601
99,Electrical,324.65,8.46,0.8067575637891261,2,Technician C,Monthly,38.37470449172576
75,HVAC,63.79,4.77,0.5474714898623186,1,Technician B,Yearly,13.373165618448638
41,Electrical,374.93,6.97,0.1988140609374029,1,Technician C,Yearly,53.791965566714495
12,Plumbing,130.86,4.09,0.4968955185000488,1,Technician A,Quarterly,31.995110024449883
96,HVAC,368.46,7.43,0.1285964859605525,2,Technician A,Yearly,49.59084791386272
89,General,269.89,7.66,0.3551316477538125,4,Technician B,Quarterly,35.23368146214099
79,HVAC,139.14,2.79,0.6360684203522257,4,Technician C,Monthly,49.87096774193548
33,Electrical,251.91,4.38,0.5236005471526117,3,Technician B,Monthly,57.513698630136986
16,Plumbing,299.4,2.15,0.0110785525943096,2,Technician C,Quarterly,139.25581395348837
32,Electrical,146.08,9.52,0.8437550439872936,1,Technician A,Monthly,15.344537815126053
80,Plumbing,315.66,5.48,0.4898704767177445,1,Technician C,Monthly,57.6021897810219
32,Electrical,427.15,2.75,0.2465199056379829,5,Technician C,Yearly,155.3272727272727
92,HVAC,430.93,9.26,0.9885399870457068,5,Technician A,Quarterly,46.53671706263499
16,Electrical,381.38,3.8,0.5662150157526166,4,Technician B,Monthly,100.36315789473684
75,HVAC,183.9,6.32,0.7396828977631081,1,Technician B,Quarterly,29.098101265822784
96,General,195.95,7.67,0.3183040946923473,4,Technician A,Yearly,25.54758800521512
8,HVAC,410.16,3.49,0.0876498361946532,4,Technician B,Monthly,117.5243553008596
67,Electrical,272.4,8.09,0.6607985296909104,3,Technician C,Monthly,33.67119901112484
3,General,213.01,6.06,0.4359951805705858,4,Technician C,Monthly,35.15016501650165
64,General,289.59,6.59,0.3859395109369273,3,Technician B,Monthly,43.943854324734446
52,Plumbing,278.26,1.21,0.0505591879595389,5,Technician A,Quarterly,229.96694214876032
62,HVAC,376.37,8.86,0.4405735280123073,4,Technician A,Quarterly,42.47968397291197
96,Plumbing,417.78,7.32,0.3176946975471622,2,Technician A,Quarterly,57.07377049180327
12,Electrical,147.22,3.39,0.2624705851212645,4,Technician A,Monthly,43.42772861356932
19,Plumbing,443.0,8.7,0.1947734976872258,1,Technician B,Yearly,50.91954022988506
27,General,447.89,9.53,0.991453567842792,5,Technician A,Monthly,46.997901364113325
72,General,463.52,1.92,0.0414280888193877,4,Technician C,Quarterly,241.41666666666663
58,Plumbing,93.5,5.44,0.7803478627401585,5,Technician C,Quarterly,17.1875
74,Plumbing,283.14,7.61,0.7230716360496688,3,Technician B,Yearly,37.20630749014455
84,HVAC,209.97,2.63,0.6993394662526431,1,Technician B,Quarterly,79.83650190114069
15,Plumbing,271.22,4.87,0.5573105753143085,5,Technician B,Yearly,55.691991786447645
12,Plumbing,362.77,9.77,0.2149165313867191,1,Technician C,Yearly,37.131013306038895
25,HVAC,98.09,7.9,0.8059789008675837,3,Technician C,Yearly,12.416455696202531
93,HVAC,356.06,8.43,0.0889897148563466,4,Technician A,Yearly,42.23724792408066
78,HVAC,221.19,3.28,0.8205521392557188,3,Technician B,Quarterly,67.4359756097561
74,HVAC,373.71,2.8,0.4740062659484451,1,Technician C,Quarterly,133.46785714285716
43,Plumbing,256.91,4.35,0.6756213095982433,5,Technician C,Monthly,59.05977011494254
90,Electrical,145.9,9.13,0.7894922984240523,3,Technician B,Quarterly,15.980284775465496
44,General,239.77,1.6,0.4544031544799528,4,Technician A,Yearly,149.85625
60,Plumbing,359.55,8.84,0.2988571352590308,2,Technician B,Quarterly,40.67307692307693
13,General,266.44,9.86,0.1957556064056246,4,Technician A,Monthly,27.022312373225155
92,HVAC,320.27,5.25,0.0746384310794288,2,Technician C,Monthly,61.00380952380952
14,HVAC,296.01,6.83,0.3182620413857259,5,Technician B,Monthly,43.33967789165446
97,HVAC,80.43,1.42,0.4047250638296586,1,Technician A,Quarterly,56.64084507042254
44,Plumbing,159.57,7.19,0.2510801036651677,5,Technician C,Quarterly,22.193324061196105
78,Plumbing,430.15,9.96,0.0272500119508151,2,Technician C,Quarterly,43.18775100401606
76,Plumbing,217.96,2.83,0.4709500587725145,2,Technician A,Yearly,77.01766784452298
77,Plumbing,86.78,3.38,0.599967858261066,1,Technician B,Quarterly,25.674556213017752
13,Electrical,76.0,6.82,0.6981984306764998,5,Technician C,Monthly,11.143695014662756
51,Plumbing,258.57,8.79,0.6024698307034551,5,Technician A,Yearly,29.41638225255973
46,Electrical,339.05,7.79,0.5131750822820359,4,Technician A,Quarterly,43.52374839537869
75,General,283.9,2.28,0.4200040740814049,5,Technician A,Monthly,124.51754385964912
3,General,418.09,9.81,0.4487788039946148,2,Technician A,Quarterly,42.61875637104995
25,Electrical,233.11,1.36,0.4445282530501596,1,Technician C,Quarterly,171.40441176470588
62,HVAC,55.45,3.34,0.4695186653456337,3,Technician B,Quarterly,16.60179640718563
67,Plumbing,286.32,7.92,0.805525913576057,1,Technician B,Quarterly,36.15151515151515
82,Plumbing,484.3,9.1,0.3319982942377651,2,Technician A,Quarterly,53.21978021978023
43,Electrical,86.73,4.8,0.0502144316904552,3,Technician C,Yearly,18.06875
26,Electrical,324.6,5.97,0.0189454033743545,1,Technician A,Yearly,54.37185929648242
84,Electrical,262.03,3.42,0.1373617459686742,2,Technician B,Yearly,76.61695906432747
58,General,82.07,9.83,0.5429981326052693,2,Technician C,Monthly,8.348931841302136
53,HVAC,60.89,4.42,0.0673768715219257,2,Technician A,Quarterly,13.776018099547512
1,Electrical,229.69,9.69,0.5510509532949324,5,Technician A,Monthly,23.70381836945305
89,Plumbing,301.89,9.39,0.0631299092079664,5,Technician C,Yearly,32.150159744408946
86,General,299.21,8.4,0.977031676545176,2,Technician B,Monthly,35.62023809523809
4,Electrical,267.34,8.35,0.2935347924586604,4,Technician C,Monthly,32.016766467065864
17,HVAC,423.0,4.11,0.8579550909150572,2,Technician A,Monthly,102.91970802919708
95,HVAC,492.66,8.62,0.0419640734436342,3,Technician B,Yearly,57.15313225058006
38,General,491.58,6.78,0.1472270744105169,4,Technician B,Monthly,72.50442477876106
44,Plumbing,76.17,1.01,0.0380863005993192,5,Technician A,Quarterly,75.41584158415841
19,General,467.64,7.85,0.6907263151132631,2,Technician A,Monthly,59.571974522293
89,Plumbing,258.18,1.64,0.9015830052870676,3,Technician A,Yearly,157.4268292682927
25,Plumbing,354.41,7.38,0.694017414105742,5,Technician A,Monthly,48.02303523035231
58,General,417.18,3.16,0.5796190972281366,1,Technician A,Quarterly,132.01898734177217
92,General,291.12,7.18,0.0925004379389637,1,Technician A,Yearly,40.54596100278552
45,Plumbing,386.63,3.6,0.7964843893295808,4,Technician C,Yearly,107.3972222222222
47,General,463.73,2.94,0.9965656562889824,1,Technician A,Quarterly,157.7312925170068
2,Electrical,241.78,7.79,0.8730193940297161,4,Technician C,Quarterly,31.03722721437741
19,General,140.42,1.8,0.9946841651964872,2,Technician C,Quarterly,78.0111111111111
74,General,401.34,4.13,0.1625379874687078,5,Technician A,Quarterly,97.17675544794189
85,Electrical,79.41,7.07,0.5122147076770516,2,Technician B,Monthly,11.23196605374823
96,HVAC,402.71,1.34,0.9940816546455756,1,Technician C,Quarterly,300.5298507462686
97,Plumbing,348.71,7.09,0.0062574710264702,3,Technician A,Monthly,49.18335684062059
64,Electrical,166.91,8.7,0.1771925010111911,4,Technician A,Monthly,19.18505747126437
89,Electrical,71.7,2.81,0.9897564134093346,2,Technician C,Yearly,25.51601423487545
68,HVAC,342.89,1.03,0.3200273165623919,2,Technician B,Quarterly,332.9029126213592
52,HVAC,296.42,5.44,0.0957290547443973,2,Technician A,Quarterly,54.48897058823529
92,General,337.6,3.83,0.7590869325556384,4,Technician B,Monthly,88.14621409921672
99,HVAC,457.76,1.08,0.6120085299594553,1,Technician C,Monthly,423.8518518518518
97,Electrical,377.23,4.19,0.8843551504557535,3,Technician B,Yearly,90.0310262529833
87,General,356.5,2.29,0.4925990052218141,2,Technician C,Monthly,155.6768558951965
99,Plumbing,239.56,8.76,0.6269684345287165,1,Technician C,Yearly,27.34703196347032
99,HVAC,240.68,3.66,0.9242870707946612,1,Technician B,Yearly,65.75956284153006
1,Plumbing,330.61,6.8,0.8324171834102527,2,Technician A,Yearly,48.61911764705883
30,General,350.7,5.43,0.7809193563860904,4,Technician C,Yearly,64.58563535911603
73,Plumbing,51.45,7.41,0.4730275033430207,1,Technician A,Yearly,6.943319838056681
72,General,227.24,9.94,0.0452946436130774,4,Technician C,Yearly,22.861167002012078
7,Electrical,59.43,2.46,0.0073341508361802,2,Technician A,Quarterly,24.15853658536585
33,General,301.84,5.25,0.8448623274896327,4,Technician A,Quarterly,57.493333333333325
13,General,485.54,7.94,0.5532906396230001,5,Technician C,Yearly,61.15113350125944
51,HVAC,73.52,3.99,0.4281839398671728,4,Technician C,Monthly,18.426065162907268
24,Plumbing,266.69,9.19,0.7451794953696144,3,Technician A,Quarterly,29.019586507072905
99,HVAC,268.64,8.24,0.9969092185893552,5,Technician B,Quarterly,32.601941747572816
95,Plumbing,133.49,3.16,0.7820507692637583,2,Technician B,Yearly,42.243670886075954
5,HVAC,446.04,8.55,0.4638142497276799,3,Technician C,Yearly,52.16842105263158
21,Electrical,295.02,9.5,0.6448612228149799,5,Technician A,Monthly,31.05473684210526
58,General,372.12,2.11,0.8871193172236984,1,Technician B,Quarterly,176.3601895734597
40,HVAC,301.0,8.58,0.3646706762343366,3,Technician B,Yearly,35.08158508158508
33,Plumbing,67.83,6.87,0.4207612017659258,3,Technician C,Yearly,9.873362445414848
86,HVAC,381.81,5.77,0.6103774953183276,4,Technician B,Quarterly,66.17157712305027
2,Electrical,334.32,2.57,0.2730406193278067,1,Technician B,Monthly,130.08560311284046
20,General,437.62,2.72,0.0222184820255804,4,Technician A,Monthly,160.88970588235293
4,Electrical,474.63,3.18,0.5850784422062031,3,Technician C,Monthly,149.25471698113208
45,General,78.89,3.85,0.1560358113399769,5,Technician C,Quarterly,20.49090909090909
33,General,68.71,7.81,0.6264570196769271,3,Technician A,Quarterly,8.797695262483995
51,Plumbing,457.9,3.76,0.8037552360117627,2,Technician A,Monthly,121.78191489361704
87,HVAC,231.94,7.14,0.554356681216369,1,Technician B,Quarterly,32.484593837535016
60,Plumbing,358.5,8.91,0.7939293858599648,1,Technician C,Yearly,40.23569023569024
